{"cameraMode":{"drawMode":0,"name":"Shaded","section":"Shading Mode"},"sceneLighting":true,"audioPlay":false,"sceneViewState":{"showFog":false,"showMaterialUpdate":false,"showSkybox":false,"showFlares":false,"showImageEffects":false,"showParticleSystems":false},"in2DMode":false,"pivot":{"x":12.591700553894043,"y":-9.327448844909668,"z":119.5627670288086},"rotation":{"x":0.20627310872077943,"y":0.035217586904764178,"z":-0.007431368809193373,"w":0.9778480529785156},"size":48.78411102294922,"orthographic":false}