{"cameraMode":{"drawMode":0,"name":"Shaded","section":"Shading Mode"},"sceneLighting":false,"audioPlay":false,"sceneViewState":{"showFog":true,"showMaterialUpdate":true,"showSkybox":true,"showFlares":true,"showImageEffects":true,"showParticleSystems":true},"in2DMode":false,"pivot":{"x":0.017365455627441407,"y":0.27124249935150149,"z":7.864289283752441},"rotation":{"x":-0.3746814429759979,"y":0.49170124530792239,"z":-0.24687731266021729,"w":-0.7462642192840576},"size":8.637579917907715,"orthographic":false}